Id	SalePrice
2	1461	121973.83884653545
3	1462	160596.00031574757
4	1463	189565.41822578304
5	1464	197949.68891964143
6	1465	197073.23690286803
7	1466	169502.97884190505
8	1467	176384.1484820637
9	1468	160534.5163439847
10	1469	194280.20087198637
11	1470	122280.67831785086
12	1471	193894.90494553166
13	1472	97493.34177909527
14	1473	97898.19739936714
15	1474	140585.55137924766
16	1475	108762.63521927486
17	1476	359048.6298924389
18	1477	250275.7280589987
19	1478	282981.447104894
20	1479	277726.67735305976
21	1480	477760.11974547675
22	1481	328422.76528404496
23	1482	209158.1235225974
24	1483	184924.90379661435
25	1484	162438.16423653575
26	1485	183493.42826517846
27	1486	196793.6921179928
28	1487	333127.8687346827
29	1488	234503.34408395714
30	1489	196892.91197079446
31	1490	242350.48045812605
32	1491	197833.41100490463
33	1492	90655.22233003443
34	1493	194309.96502376688
35	1494	296401.8187717249
36	1495	286014.68136310857
37	1496	241707.9557553813
38	1497	186147.99141203985
39	1498	167633.3554564504
40	1499	165487.0537616386
41	1500	158748.4175089505
42	1501	174889.91895921045
43	1502	135950.18515450068
44	1503	293972.1639928464
45	1504	236946.78794025426
46	1505	226600.92040290445
47	1506	181781.50756766496
48	1507	259851.3753137729
49	1508	207428.06384982695
50	1509	156850.0782929311
51	1510	140735.10195704876
52	1511	148757.9855599838
53	1512	174170.0042382851
54	1513	149480.32633746587
55	1514	150382.1890844562
56	1515	191316.91107516628
57	1516	155252.47843523402
58	1517	172746.11276558673
59	1518	130822.92917451574
60	1519	216797.61277985133
61	1520	131281.33042215317
62	1521	131914.50354437312
63	1522	172302.4556280915
64	1523	112193.39008401292
65	1524	124787.49884838938
66	1525	124824.3544152822
67	1526	113693.87470480968
68	1527	102640.98057969498
69	1528	138006.83438267917
70	1529	147558.6723568353
71	1530	182553.23009636148
72	1531	109135.44582247848
73	1532	92954.90924396859
74	1533	151157.8301221162
75	1534	122492.73909462395
76	1535	152587.96649954835
77	1536	109742.69794990495
78	1537	61032.882684229655
79	1538	161219.8807703013
80	1539	196896.29442384592
81	1540	94504.9468966449
82	1541	141435.002495159
83	1542	140551.7756133181
84	1543	178560.83734129844
85	1544	85261.45957338481
86	1545	113914.18158391582
87	1546	129986.9044391477
88	1547	133286.9211540209
89	1548	133649.11479022252
90	1549	116052.51367957616
91	1550	128851.71435338506
92	1551	108156.59521187938
93	1552	133439.69348272347
94	1553	150707.53010581987
95	1554	118823.62354351589
96	1555	167818.1806108886
97	1556	87468.7534639893
98	1557	102947.07805348694
99	1558	94169.71212340785
100	1559	65984.58068416175
101	1560	128129.42990036827
102	1561	123261.41740696043
103	1562	131342.25948787914
104	1563	122076.1618147213
105	1564	163680.4738151997
106	1565	151614.21417012386
107	1566	254767.27994172255
108	1567	74125.99218708003
109	1568	245147.1204259679
110	1569	127823.46634447355
111	1570	141558.9267345622
112	1571	117283.39126300867
113	1572	144891.2612610308
114	1573	265925.142233206
115	1574	125347.57765344238
116	1575	238162.08778269004
117	1576	246342.50709284615
118	1577	176722.06585798602
119	1578	143161.4219096317
120	1579	149982.20026353124
121	1580	189819.20978826177
122	1581	159890.13624079362
123	1582	124825.37885914711
124	1583	292813.71356772183
125	1584	221535.44871947853
126	1585	138294.31260147225
127	1586	69143.12221718767
128	1587	102062.4006173782
129	1588	159619.33309516052
130	1589	94461.61840031904
131	1590	137929.97277064124
132	1591	95844.17885204434
133	1592	105223.56933979184
134	1593	118819.06993434358
135	1594	136323.85427204988
136	1595	103018.43559600109
137	1596	221260.36259873942
138	1597	196948.92566131288
139	1598	219641.4138450676
140	1599	169169.8918908079
141	1600	161088.02935046027
142	1601	74265.83188612912
143	1602	115843.60805739375
144	1603	76320.4533139794
145	1604	271788.41308132204
146	1605	240484.61872052
147	1606	169129.15452192942
148	1607	173031.53523682995
149	1608	208516.92342324764
150	1609	185581.11912052782
151	1610	148797.16438897772
152	1611	134812.44154308265
153	1612	177674.4402544382
154	1613	167326.60326261158
155	1614	123693.01801031231
156	1615	87945.57253895044
157	1616	77091.61078893315
158	1617	92067.54766736185
159	1618	124200.0104789
160	1619	146968.020667562
161	1620	160238.95589267483
162	1621	142212.52464577407
163	1622	138363.70554010203
164	1623	271666.1663430292
165	1624	226040.26111118688
166	1625	118897.4785651505
167	1626	163776.31757370426
168	1627	192889.13181340342
169	1628	288715.959367077
170	1629	174345.9138710842
171	1630	364267.7720859425
172	1631	223605.65944775773
173	1632	243863.94488673008
174	1633	162936.73415872006
175	1634	186103.71399902855
176	1635	174388.03420272595
177	1636	152992.2215708111
178	1637	195862.27907863795
179	1638	190784.47558856505
180	1639	179884.96907032342
181	1640	256779.77105020237
182	1641	178677.83268160358
183	1642	236894.7124167666
184	1643	226580.94469514207
185	1644	235317.53825207174
186	1645	210666.46976284424
187	1646	160861.067222406
188	1647	155619.81980558994
189	1648	125529.2196947726
190	1649	139568.03753443452
191	1650	115624.36067923455
192	1651	121518.66890654477
193	1652	96703.58809181851
194	1653	100520.05700082265
195	1654	139158.7763999845
196	1655	134742.32596760412
197	1656	137818.82311729348
198	1657	144236.49078658037
199	1658	141281.87011041245
200	1659	118844.37634345733
201	1660	153667.03271657188
202	1661	445773.87735644437
203	1662	403428.37345500034
204	1663	372787.8747051808
205	1664	496680.71007192053
206	1665	294422.31613435416
207	1666	336050.9172349605
208	1667	396005.8870481124
209	1668	326351.2490585914
210	1669	296589.7184585119
211	1670	327742.3233749565
212	1671	267919.5677185079
213	1672	394326.8168096404
214	1673	293922.1742463093
215	1674	242559.01958342319
216	1675	206792.16124039982
217	1676	202914.81790261914
218	1677	221874.38574785937
219	1678	464707.916517891
220	1679	369275.47476645454
221	1680	321470.9329095221
222	1681	236768.4464422218
223	1682	315217.6101209357
224	1683	187742.22985057117
225	1684	180342.86554480914
226	1685	174701.17789761556
227	1686	169934.1859388066
228	1687	165579.0871156431
229	1688	190828.76818140727
230	1689	193564.4824221182
231	1690	195380.6853320531
232	1691	181100.2879092928
233	1692	256790.62087409545
234	1693	169860.24792003076
235	1694	181329.9172948771
236	1695	157209.1327329825
237	1696	279760.7257047665
238	1697	161978.96006020906
239	1698	349876.01256527344
240	1699	320571.5525504564
241	1700	256269.09076833478
242	1701	271189.5575889476
243	1702	254427.66661049807
244	1703	249730.59657263692
245	1704	292773.4599671925
246	1705	240464.15909410373
247	1706	432482.14162277983
248	1707	210883.33616660433
249	1708	200698.60436369694
250	1709	267361.20749042736
251	1710	217281.06185985572
252	1711	267521.2533804113
253	1712	262758.53959109855
254	1713	267084.5324143274
255	1714	227004.1540207104
256	1715	202527.62970801909
257	1716	186256.67930822537
258	1717	168227.653614012
259	1718	138027.85621011778
260	1719	204460.85104612843
261	1720	243472.57486524843
262	1721	157020.42068865927
263	1722	124250.45329453702
264	1723	155649.26214427303
265	1724	205599.77759675556
266	1725	239857.72583800505
267	1726	189783.22222275278
268	1727	157214.707777203
269	1728	168408.28971761308
270	1729	164448.01171068635
271	1730	157363.22336241958
272	1731	126672.06893033229
273	1732	131487.5018136294
274	1733	117921.33988737004
275	1734	122694.62139259558
276	1735	123915.14057299276
277	1736	114110.16280584644
278	1737	282175.71329321555
279	1738	261274.4668789247
280	1739	252636.238426465
281	1740	227253.64231435957
282	1741	198626.49373355872
283	1742	172602.02281709624
284	1743	173856.75228482607
285	1744	326080.6821467505
286	1745	222782.6112722439
287	1746	183409.12349126895
288	1747	216885.4603103467
289	1748	240062.2268425971
290	1749	149141.17343936724
291	1750	130616.52539910203
292	1751	252009.29823807848
293	1752	117631.73427044222
294	1753	146704.7621889316
295	1754	194317.88801277438
296	1755	174212.88011163307
297	1756	127653.86241206294
298	1757	121442.02792974294
299	1758	140986.9294858813
300	1759	161862.4477085675
301	1760	164257.7689450853
302	1761	143578.14571103177
303	1762	175778.69290377322
304	1763	179905.6952964339
305	1764	117410.44567701334
306	1765	169221.11437952783
307	1766	183412.6996828586
308	1767	232747.72577292952
309	1768	143737.6564412103
310	1769	169166.4476072042
311	1770	152661.12345576045
312	1771	131013.38978993036
313	1772	132222.83190259617
314	1773	130412.93708333927
315	1774	148669.56880411188
316	1775	141294.0224005193
317	1776	126776.7230820439
318	1777	106957.59268185284
319	1778	141993.07620665405
320	1779	115240.82403474234
321	1780	167312.26707071412
322	1781	128527.78251261414
323	1782	92318.38362182492
324	1783	144916.4779317958
325	1784	111910.35212102704
326	1785	122103.27835330245
327	1786	131486.91373252118
328	1787	169811.91509397942
329	1788	61030.27256198763
330	1789	99225.77433145008
331	1790	81367.2164079826
332	1791	183099.60252427004
333	1792	159058.27430123414
334	1793	133014.55788896765
335	1794	156156.6542254859
336	1795	135958.57209688114
337	1796	125778.54208504586
338	1797	112723.34655326654
339	1798	127318.41959584963
340	1799	114791.86658262598
341	1800	134924.75012473506
342	1801	132439.99326306715
343	1802	124051.00029942524
344	1803	143186.14365548568
345	1804	142737.3371815075
346	1805	135656.70031986685
347	1806	128175.6752425855
348	1807	126450.97675053446
349	1808	127252.99917834671
350	1809	125778.01277567772
351	1810	136521.19012688013
352	1811	85109.2381384788
353	1812	95092.12532790402
354	1813	122191.54045314057
355	1814	90923.6540862149
356	1815	61782.43347505881
357	1816	103530.79375257663
358	1817	107356.2297618188
359	1818	161963.2173032028
360	1819	121374.626815187
361	1820	54081.07878398235
362	1821	113278.64967035642
363	1822	153684.08890831456
364	1823	43830.513224811126
365	1824	124115.36278013643
366	1825	137809.42072124928
367	1826	105913.71133412307
368	1827	100050.93504357117
369	1828	131983.4652284945
370	1829	114565.20766481703
371	1830	147973.5694697035
372	1831	148086.30689433173
373	1832	74049.46472233107
374	1833	139948.128949089
375	1834	120514.73578618685
376	1835	114982.3174686793
377	1836	130901.92879816974
378	1837	95002.96450629723
379	1838	130869.04501812697
380	1839	97388.15287438018
381	1840	149018.16801250548
382	1841	142766.04075619378
383	1842	87585.2326047563
384	1843	134793.15260674164
385	1844	138101.70614502605
386	1845	140926.89421773824
387	1846	158342.14677552608
388	1847	168817.6290184077
389	1848	58732.162366835626
390	1849	111085.45271827845
391	1850	117963.260739139
392	1851	154131.53055895225
393	1852	125246.66991178662
394	1853	134567.20746321764
395	1854	164755.8082051713
396	1855	157717.30069296318
397	1856	223059.80850180812
398	1857	142708.81100639093
399	1858	141877.16282056467
400	1859	115851.61562683445
401	1860	153729.375055625
402	1861	115202.43849335557
403	1862	313869.60317760287
404	1863	292755.50897036045
405	1864	292874.5541686765
406	1865	331050.52615122934
407	1866	318043.5147379857
408	1867	228078.14222278554
409	1868	300766.40693462384
410	1869	207527.80843737052
411	1870	223122.7607183065
412	1871	246160.16907313204
413	1872	173106.94204836208
414	1873	259382.4792117129
415	1874	156446.51231084706
416	1875	206957.20697798952
417	1876	198740.56830214016
418	1877	214098.88787605363
419	1878	212545.75234677273
420	1879	135856.11027436904
421	1880	128842.05216850652
422	1881	251730.01320434632
423	1882	255843.657996512
424	1883	187148.57906505116
425	1884	205766.83285263908
426	1885	249069.13557413235
427	1886	292276.6581173213
428	1887	221791.8849882734
429	1888	277128.04907381505
430	1889	169067.86571516984
431	1890	123279.55234214428
432	1891	133646.14519653044
433	1892	99896.12957691915
434	1893	132105.59599620075
435	1894	128673.17980198379
436	1895	137802.72622265533
437	1896	128024.23575901208
438	1897	116131.90853571388
439	1898	116049.80190779819
440	1899	156169.70516474007
441	1900	156633.03790245182
442	1901	172275.6610618953
443	1902	157531.32136055554
444	1903	203083.80498927395
445	1904	161611.52046704156
446	1905	204540.6488445074
447	1906	149761.227960788
448	1907	221672.97789516518
449	1908	108885.37095739906
450	1909	131758.5819147918
451	1910	118466.7104020845
452	1911	222442.78392031937
453	1912	363281.1322191446
454	1913	137618.144335674
455	1914	59187.974289625476
456	1915	307096.1256117734
457	1916	75018.74916059882
458	1917	249580.05474648657
459	1918	141922.18507658766
460	1919	181047.4742162638
461	1920	157741.16932934683
462	1921	381569.42206055584
463	1922	316388.81096596684
464	1923	238626.22095253537
465	1924	234222.04723332173
466	1925	198552.46230375735
467	1926	372908.0545758225
468	1927	138403.57910656
469	1928	150966.22264487977
470	1929	130783.28214590454
471	1930	132405.25287452003
472	1931	143898.6723281763
473	1932	138880.03944666538
474	1933	174416.04876900552
475	1934	179178.2921620184
476	1935	169647.66641287337
477	1936	193248.53985379075
478	1937	180406.87850651576
479	1938	172832.18854491328
480	1939	243358.32935476687
481	1940	193913.05662175792
482	1941	176766.91122630786
483	1942	187292.25416560372
484	1943	214857.60826485703
485	1944	356582.6837646604
486	1945	392720.55246426375
487	1946	135415.52828362366
488	1947	327325.1793553657
489	1948	170921.58393011187
490	1949	243395.5097419978
491	1950	188779.56131996633
492	1951	256170.13427942878
493	1952	220263.07149253893
494	1953	172439.20751409366
495	1954	187293.6068443894
496	1955	131921.07579948232
497	1956	297704.14846481185
498	1957	154199.69832693393
499	1958	296159.2739028402
500	1959	144522.44872144485
501	1960	115823.02927350476
502	1961	127445.16206557627
503	1962	98073.85006945024
504	1963	102925.81852121952
505	1964	107259.34769345811
506	1965	135956.48556847332
507	1966	134104.59743106406
508	1967	291678.8397436735
509	1968	405265.8303140664
510	1969	373088.39047607523
511	1970	409689.2974466229
512	1971	487162.6031711594
513	1972	370792.47277366044
514	1973	268304.2362760565
515	1974	318716.63781604706
516	1975	505447.40156006615
517	1976	268980.04324870865
518	1977	365433.2519246255
519	1978	357117.76529464754
520	1979	314197.40299931966
521	1980	199145.804956889
522	1981	331979.6074454416
523	1982	222144.3468291897
524	1983	202588.52226483278
525	1984	170016.5012912973
526	1985	226993.28685284578
527	1986	207551.7547213216
528	1987	186222.95880420366
529	1988	173033.87826103717
530	1989	191654.09532361943
531	1990	210359.34193744554
532	1991	233360.3701077982
533	1992	218638.79611497873
534	1993	169789.99417774146
535	1994	242545.40183539208
536	1995	181004.87190373064
537	1996	257210.99149464077
538	1997	297999.7415644247
539	1998	314335.06958236307
540	1999	267320.63282543153
541	2000	330502.64994636335
542	2001	277749.73082578555
543	2002	250140.8957771851
544	2003	268957.2891945643
545	2004	296411.83284286986
546	2005	229112.55340431092
547	2006	215387.80948338323
548	2007	256499.90389058535
549	2008	223990.91490718568
550	2009	200846.3062092935
551	2010	192951.5249148366
552	2011	136329.40682629182
553	2012	171261.0218919017
554	2013	172847.9476452318
555	2014	183264.62277510058
556	2015	203336.71116519047
557	2016	189056.4559195899
558	2017	189429.3199123706
559	2018	119856.50362279674
560	2019	139685.79328232177
561	2020	102867.15469517218
562	2021	105192.48739526699
563	2022	193113.42784132715
564	2023	155018.69972456832
565	2024	271829.32393114996
566	2025	353433.1331107609
567	2026	173807.26634329866
568	2027	160950.66118850288
569	2028	156012.20219730603
570	2029	171934.5854974957
571	2030	262009.16981426775
572	2031	227970.95570557774
573	2032	240507.6420448114
574	2033	249186.97076545877
575	2034	174145.29216471678
576	2035	219515.66905461389
577	2036	203305.6923857189
578	2037	211287.7353236164
579	2038	343903.71827548486
580	2039	232223.2718574595
581	2040	287761.11559782247
582	2041	297929.16876097344
583	2042	206617.14380680895
584	2043	180812.24652826946
585	2044	172667.4415817653
586	2045	212574.1315906246
587	2046	152816.68066480558
588	2047	137368.62482440608
589	2048	136986.85441103173
590	2049	146156.03090765217
591	2050	172378.08996695757
592	2051	101955.84187490048
593	2052	120362.04179156775
594	2053	144785.53449600295
595	2054	96015.42452643742
596	2055	154359.5442881274
597	2056	144921.60004681163
598	2057	109125.20535970267
599	2058	218753.30948481656
600	2059	134334.77231918447
601	2060	171476.47717066502
602	2061	167165.4270524914
603	2062	128584.35508921622
604	2063	119198.8859284872
605	2064	135568.48895104325
606	2065	122671.43130943533
607	2066	163263.5501080591
608	2067	107675.91663193202
609	2068	150286.46106938345
610	2069	90585.70854762149
611	2070	119201.84692814187
612	2071	93646.82979430389
613	2072	133366.96138831854
614	2073	129470.61370653141
615	2074	179857.30772443346
616	2075	147357.79951513346
617	2076	113802.25372252846
618	2077	160011.7823290085
619	2078	133425.37141239745
620	2079	130825.4249903579
621	2080	118998.89302868572
622	2081	124494.31772365444
623	2082	121858.51505587969
624	2083	144527.8779253087
625	2084	111533.50120371864
626	2085	118604.5287938028
627	2086	108510.52789393398
628	2087	121886.22400030473
629	2088	94750.68460859828
630	2089	79320.50377628146
631	2090	126933.7831744966
632	2091	110811.94079029092
633	2092	121941.23937510529
634	2093	111583.07747654337
635	2094	105010.82371336235
636	2095	149774.80366985023
637	2096	82700.46792145897
638	2097	101675.11084195602
639	2098	145821.55281186927
640	2099	61606.95120134723
641	2100	73088.33509249285
642	2101	110210.49188909617
643	2102	123001.44923370733
644	2103	102866.74416323
645	2104	137270.58860941837
646	2105	128764.70372853092
647	2106	65265.06341018444
648	2107	214895.81894800416
649	2108	116142.15303518489
650	2109	113841.93571898145
651	2110	126367.59947947429
652	2111	130485.04322128247
653	2112	135705.58145309248
654	2113	121571.1388242584
655	2114	125918.99449436353
656	2115	162845.34158848724
657	2116	116025.74682856441
658	2117	147166.07015542864
659	2118	124298.80435907723
660	2119	116934.1402140777
661	2120	107919.14634559047
662	2121	91890.22119415911
663	2122	117847.05735605954
664	2123	76851.01738184624
665	2124	153355.6409216853
666	2125	126971.34788878296
667	2126	149580.09651736706
668	2127	163149.79031795496
669	2128	129991.79335492743
670	2129	95405.2816088075
671	2130	141363.1117566889
672	2131	138220.08245951057
673	2132	119177.5702712439
674	2133	118422.35423535036
675	2134	125619.37881153518
676	2135	100688.33973682574
677	2136	78700.79218648079
678	2137	106182.51138444555
679	2138	138270.70882667357
680	2139	150203.45264070536
681	2140	142441.65218829934
682	2141	153938.00521088723
683	2142	126477.20639363457
684	2143	152348.37087721954
685	2144	132356.88551511723
686	2145	140966.19854514077
687	2146	183727.88558460638
688	2147	144201.3680552569
689	2148	130397.85307473814
690	2149	155819.55082388158
691	2150	238035.02930749854
692	2151	116481.58849969726
693	2152	172432.01490042533
694	2153	166601.54360929242
695	2154	103741.94854312987
696	2155	142980.70783384767
697	2156	258879.3510485004
698	2157	228865.38234776852
699	2158	231850.78786074376
700	2159	211777.04958609442
701	2160	180720.5461526656
702	2161	238429.80498647093
703	2162	380541.8902669784
704	2163	347385.9762503665
705	2164	239769.25938798217
706	2165	208034.3107378343
707	2166	159557.8739423668
708	2167	221060.66420196308
709	2168	200794.06931038052
710	2169	192874.47219285034
711	2170	215180.64623583047
712	2171	157311.03689914886
713	2172	133011.74972624224
714	2173	167900.11334574467
715	2174	232780.05417501365
716	2175	289240.2397637253
717	2176	304330.7997960243
718	2177	242018.96204306543
719	2178	211870.3765920916
720	2179	136284.9128651949
721	2180	208578.82239053168
722	2181	192299.591205113
723	2182	223136.76777895002
724	2183	191024.33372871383
725	2184	119278.54986742642
726	2185	130058.2841266096
727	2186	148023.88673729758
728	2187	153748.28884817782
729	2188	152986.32860920357
730	2189	240544.99119586882
731	2190	77636.65037654334
732	2191	77821.10305352129
733	2192	90602.99160656778
734	2193	113133.8902622963
735	2194	102415.62254261776
736	2195	112145.97342357702
737	2196	104002.84661695686
738	2197	114646.79236063357
739	2198	152491.30939402373
740	2199	170524.87935285197
741	2200	147377.09301741648
742	2201	145565.72247212077
743	2202	205503.20688241546
744	2203	138525.41511901875
745	2204	177946.75416385385
746	2205	123106.58268556722
747	2206	136199.14315995248
748	2207	225512.77671586408
749	2208	270462.6157075566
750	2209	246624.50269138304
751	2210	119247.07605783144
752	2211	111640.8184803156
753	2212	119866.8363699405
754	2213	109960.79208836655
755	2214	126710.96175124086
756	2215	100580.24688449533
757	2216	149921.66969822132
758	2217	69973.40351190361
759	2218	73304.216385538
760	2219	65161.75062192452
761	2220	70635.35588415561
762	2221	307153.2735380534
763	2222	279075.09351998626
764	2223	278463.00013930036
765	2224	206299.23843437195
766	2225	121889.0707415285
767	2226	186276.9589768978
768	2227	196460.2120078141
769	2228	267424.7238786516
770	2229	269599.21881774144
771	2230	148064.4488391908
772	2231	215758.44235970007
773	2232	179021.28383157446
774	2233	195680.50927130796
775	2234	244979.91282695194
776	2235	218200.77740537206
777	2236	277285.77660405525
778	2237	320278.10508881067
779	2238	195480.16442509115
780	2239	104878.34446046766
781	2240	151671.20139666708
782	2241	153665.49186268536
783	2242	122894.99551455413
784	2243	124743.48199546967
785	2244	102716.23800928034
786	2245	97313.8625443274
787	2246	148289.67765886828
788	2247	106879.43243434955
789	2248	123049.59150255384
790	2249	119296.07556900685
791	2250	130382.12561543059
792	2251	103574.44459948991
793	2252	184260.49822433424
794	2253	149487.75450736782
795	2254	170621.5274410773
796	2255	186191.61636570666
797	2256	171706.18699938807
798	2257	215213.4759736216
799	2258	156083.18734797373
800	2259	170561.08303795123
801	2260	157269.18422145277
802	2261	187008.7934675304
803	2262	223774.1672709248
804	2263	369910.3013545369
805	2264	533394.6965697844
806	2265	161579.37119718682
807	2266	307670.60337607726
808	2267	388968.83814866137
809	2268	435268.97543659084
810	2269	147505.07217217865
811	2270	198579.99970403063
812	2271	219558.82060532027
813	2272	201616.9561207663
814	2273	165378.12270031078
815	2274	181377.03254708002
816	2275	164812.47900055192
817	2276	198925.28620851948
818	2277	182695.58294873667
819	2278	145887.5619998789
820	2279	126972.81363725541
821	2280	125492.87220010634
822	2281	168092.3659460543
823	2282	188227.3084975981
824	2283	108316.51284618033
825	2284	109678.44710271063
826	2285	141337.76629211492
827	2286	125205.13560052746
828	2287	355903.5146650518
829	2288	282194.80881172867
830	2289	370540.7635601059
831	2290	458597.23114957224
832	2291	331163.6071087482
833	2292	427167.05881720455
834	2293	472243.16503600945
835	2294	401184.9205587124
836	2295	481212.9186249534
837	2296	305378.435942576
838	2297	329054.4180933656
839	2298	334906.8999182821
840	2299	362039.4762220822
841	2300	341205.0477870455
842	2301	301748.48799601675
843	2302	250104.35530368067
844	2303	235784.2215134128
845	2304	251138.60242916507
846	2305	206540.6730749343
847	2306	199460.39885613872
848	2307	205482.15979074192
849	2308	222133.2476212547
850	2309	271751.80912948854
851	2310	211008.37949414388
852	2311	207278.92151242337
853	2312	184165.43837122564
854	2313	177128.68532591735
855	2314	182575.75007958637
856	2315	180976.0957280855
857	2316	196415.24046681484
858	2317	196044.16434498283
859	2318	181326.2745031149
860	2319	182887.44939779167
861	2320	188802.1882858295
862	2321	235631.60877813053
863	2322	185951.29142178275
864	2323	189802.97749424222
865	2324	174796.327642866
866	2325	223861.66996420437
867	2326	167718.82386647043
868	2327	205761.87678751358
869	2328	222602.67049699402
870	2329	190197.8173201401
871	2330	179077.90497589725
872	2331	347486.43570544454
873	2332	396163.03056927916
874	2333	316992.27403267333
875	2334	258513.08617528807
876	2335	272208.5537617278
877	2336	309597.7485833619
878	2337	210595.28175048932
879	2338	273695.860701817
880	2339	231628.77441582116
881	2340	409861.1367689164
882	2341	221563.45114673895
883	2342	241322.52903372276
884	2343	238475.48277862836
885	2344	227672.795711587
886	2345	236447.9352540201
887	2346	210068.6355482573
888	2347	201564.14878584424
889	2348	244746.18555229486
890	2349	181123.60309497057
891	2350	301879.63441947073
892	2351	260511.87870653518
893	2352	256595.90867229478
894	2353	248296.61936539074
895	2354	140285.09564116123
896	2355	145019.84821680962
897	2356	151221.6049849592
898	2357	186885.30881365732
899	2358	191934.26105467143
900	2359	128090.71936755875
901	2360	116317.29812536553
902	2361	141396.88784691648
903	2362	278575.79815795936
904	2363	130223.96981034173
905	2364	157163.89040865054
906	2365	216760.45984851528
907	2366	186283.02880141995
908	2367	221251.94187605445
909	2368	224200.5339790793
910	2369	218875.17949639366
911	2370	172466.38910167303
912	2371	166361.04848903263
913	2372	197078.0694904076
914	2373	291000.38922405697
915	2374	313587.7635182143
916	2375	251885.8583950002
917	2376	285249.67485995544
918	2377	357266.59150776407
919	2378	143396.9282233121
920	2379	205577.27771141048
921	2380	150110.7542479143
922	2381	169206.9429051795
923	2382	195223.72789475348
924	2383	204908.81344097387
925	2384	249571.53624329585
926	2385	158362.477824085
927	2386	135586.8048329973
928	2387	134458.47398650862
929	2388	96586.98951993488
930	2389	122109.66838036549
931	2390	142041.73212041418
932	2391	148567.1275535389
933	2392	119093.5940646015
934	2393	161333.37492361286
935	2394	137390.76487633353
936	2395	210752.27721176366
937	2396	147374.29542094565
938	2397	231205.88644528718
939	2398	128185.75641446884
940	2399	69962.9452353617
941	2400	66233.34166747103
942	2401	116822.4024894442
943	2402	133858.41033856553
944	2403	146676.51427923367
945	2404	152981.93330404977
946	2405	157393.927641778
947	2406	139167.20802095314
948	2407	124686.55022039473
949	2408	146354.2271141402
950	2409	119841.15171497842
951	2410	171490.6049394944
952	2411	113883.97957707928
953	2412	156354.55653291833
954	2413	128606.19367791867
955	2414	157876.82212470126
956	2415	138242.67418990404
957	2416	127577.96380123295
958	2417	140777.61585051022
959	2418	138681.19653448582
960	2419	123028.64809281951
961	2420	126421.79886302724
962	2421	147246.03422513304
963	2422	113263.63029507267
964	2423	118767.63131664677
965	2424	147915.44396745873
966	2425	220654.2726306199
967	2426	134046.42796669615
968	2427	144520.83239286506
969	2428	182612.4309908012
970	2429	113688.72704322207
971	2430	129480.5387545373
972	2431	106525.84645733552
973	2432	148971.29170172208
974	2433	149276.31327532668
975	2434	142998.4908635979
976	2435	162340.73439319845
977	2436	106173.83317116379
978	2437	111826.45673271544
979	2438	124523.27371035276
980	2439	104318.54678590581
981	2440	122753.72204681592
982	2441	84751.99407202387
983	2442	94935.49638348176
984	2443	127148.87523922956
985	2444	131905.78113026166
986	2445	94379.33385517403
987	2446	142497.21575307017
988	2447	188876.0776980035
989	2448	138307.07799510672
990	2449	113863.57987074119
991	2450	152009.2589535385
992	2451	130685.64906989584
993	2452	199913.38618021997
994	2453	97877.92402918245
995	2454	117203.39505248581
996	2455	117117.87629802666
997	2456	130291.2323276016
998	2457	134046.02368192503
999	2458	130462.9118416929
1000	2459	109150.38268088724
1001	2460	132514.55657444868
1002	2461	129003.77822834799
1003	2462	135467.4651925421
1004	2463	124726.93035758894
1005	2464	187556.53791721293
1006	2465	148894.91354759492
1007	2466	119983.17064871582
1008	2467	124866.18082798971
1009	2468	86308.21593535854
1010	2469	82771.2638514585
1011	2470	189117.72380988832
1012	2471	218259.7336629225
1013	2472	158077.3096086607
1014	2473	113718.12957122858
1015	2474	81588.92698946643
1016	2475	223074.21687631335
1017	2476	110948.15798829046
1018	2477	134220.08904392683
1019	2478	157941.25879165586
1020	2479	106021.09224871546
1021	2480	163665.51602683603
1022	2481	130990.25405768336
1023	2482	128138.78654779354
1024	2483	113255.56717261735
1025	2484	126679.00713969283
1026	2485	130502.01418665159
1027	2486	166256.44192578748
1028	2487	169203.2275210161
1029	2488	157749.09532997306
1030	2489	151717.48338147975
1031	2490	150690.37568821353
1032	2491	93463.22121178896
1033	2492	195001.82310613178
1034	2493	155187.53977601614
1035	2494	147382.8077362519
1036	2495	91711.17892024606
1037	2496	228962.96333618657
1038	2497	152691.75957229998
1039	2498	110158.99210381755
1040	2499	83757.35415756004
1041	2500	128974.18229010938
1042	2501	137737.30560197044
1043	2502	138528.86190716567
1044	2503	99943.92104169179
1045	2504	179557.5814999856
1046	2505	220385.91622910896
1047	2506	257242.77887863803
1048	2507	288247.6169447907
1049	2508	256469.78500741374
1050	2509	211030.49281134846
1051	2510	211873.9020566786
1052	2511	171542.66800637488
1053	2512	205130.31584883766
1054	2513	217865.64991946903
1055	2514	279064.28721960634
1056	2515	152834.13112520712
1057	2516	171442.54202964666
1058	2517	147652.00079816786
1059	2518	151769.16694513446
1060	2519	227037.70451726383
1061	2520	213549.26677719198
1062	2521	184554.37198628276
1063	2522	225570.71526291143
1064	2523	124820.53771050462
1065	2524	137527.39246583192
1066	2525	151417.87580754925
1067	2526	142759.23754119314
1068	2527	123833.41966106613
1069	2528	124972.37984553851
1070	2529	131130.32557178123
1071	2530	123908.55200969399
1072	2531	257115.71442276673
1073	2532	227780.5501403978
1074	2533	191453.70235252866
1075	2534	237565.76011054707
1076	2535	308336.4107752105
1077	2536	220759.29310623053
1078	2537	238325.82921412433
1079	2538	179448.9977837326
1080	2539	185906.78612005734
1081	2540	183467.36478772713
1082	2541	177867.21835783919
1083	2542	160930.90501490413
1084	2543	125326.04718445365
1085	2544	120501.97623811118
1086	2545	136325.7638972394
1087	2546	123604.95797227412
1088	2547	140773.70433876268
1089	2548	154907.0596524141
1090	2549	160194.28315242782
1091	2550	772923.6003959269
1092	2551	138890.37160325216
1093	2552	133517.78434055168
1094	2553	71124.12645271524
1095	2554	94762.70002386322
1096	2555	121750.41603032773
1097	2556	107284.28506448981
1098	2557	113314.97764306198
1099	2558	156663.94177004567
1100	2559	137441.9833923418
1101	2560	145734.86838945164
1102	2561	143377.78894617315
1103	2562	137791.46076584593
1104	2563	155258.53888306045
1105	2564	196424.2384947218
1106	2565	136097.10362503727
1107	2566	155475.9970366533
1108	2567	135128.1622839021
1109	2568	218365.78319514706
1110	2569	251342.07713073236
1111	2570	116904.54305226516
1112	2571	196360.94143296673
1113	2572	145491.63056646413
1114	2573	232508.64672305927
1115	2574	271966.708431296
1116	2575	133490.2856337317
1117	2576	116209.02247492202
1118	2577	149634.405622614
1119	2578	85348.60713197796
1120	2579	72414.38834291327
1121	2580	89927.886790255
1122	2581	103419.46455408739
1123	2582	99477.60878657657
1124	2583	302001.08126435877
1125	2584	185345.24868060398
1126	2585	189242.8655863168
1127	2586	231352.71504970046
1128	2587	200163.16717350626
1129	2588	139962.45041757592
1130	2589	150371.43531946585
1131	2590	203931.05568734914
1132	2591	227622.05973293795
1133	2592	218547.98416666707
1134	2593	249924.23526013584
1135	2594	183106.54907552915
1136	2595	190313.04160972394
1137	2596	297025.5356849903
1138	2597	182388.278622096
1139	2598	289443.84199104965
1140	2599	347839.79738469055
1141	2600	139079.6392992113
1142	2601	145713.79998704582
1143	2602	83377.53755448996
1144	2603	94327.58609271678
1145	2604	88842.24372718723
1146	2605	81684.89389429316
1147	2606	150336.56060649364
1148	2607	202381.70474162276
1149	2608	191397.48128366817
1150	2609	164336.1775430082
1151	2610	113389.03442345356
1152	2611	124392.20187486138
1153	2612	148510.88257140823
1154	2613	131873.60399546678
1155	2614	124347.40738713897
1156	2615	151881.75228325688
1157	2616	145380.66737902412
1158	2617	174603.8990427824
1159	2618	219341.5551761946
1160	2619	204236.09949028626
1161	2620	180138.25846895602
1162	2621	171844.54154694552
1163	2622	178654.02964443876
1164	2623	253918.9815995222
1165	2624	311895.9954402964
1166	2625	302695.45543338393
1167	2626	174471.38611687187
1168	2627	160419.9799889056
1169	2628	488569.3069465409
1170	2629	570054.6979966488
1171	2630	383971.41343350435
1172	2631	486159.50854139234
1173	2632	434943.1139926453
1174	2633	322695.3968407858
1175	2634	424732.17448628804
1176	2635	161948.9443284759
1177	2636	177424.09234667005
1178	2637	175538.26463832022
1179	2638	279874.2394778337
1180	2639	190032.75273064876
1181	2640	150146.2284199263
1182	2641	107244.31233156587
1183	2642	189161.8406784865
1184	2643	103119.13689103385
1185	2644	117832.12278402134
1186	2645	107691.44726984037
1187	2646	96894.61730752762
1188	2647	104407.37108805095
1189	2648	147257.22855845327
1190	2649	156208.54786102314
1191	2650	132493.75845563973
1192	2651	134573.24076571374
1193	2652	402643.2712394808
1194	2653	259300.69785996203
1195	2654	256518.53640843258
1196	2655	388571.01856472436
1197	2656	320234.02814971935
1198	2657	358024.2462174048
1199	2658	310387.05779543763
1200	2659	307244.6353087152
1201	2660	359698.2323903761
1202	2661	356842.5945246355
1203	2662	355898.35870881844
1204	2663	284735.3950908081
1205	2664	258050.90435110312
1206	2665	313933.0605296843
1207	2666	280947.83595727815
1208	2667	178067.05130354987
1209	2668	183234.68430022962
1210	2669	189804.21593360955
1211	2670	286942.1145299884
1212	2671	182990.67218552722
1213	2672	197193.76225136177
1214	2673	205476.67750196002
1215	2674	195329.92311780507
1216	2675	167877.93670610889
1217	2676	192071.9577874592
1218	2677	200618.44712465635
1219	2678	257185.1093306698
1220	2679	265520.85106265696
1221	2680	281155.4316814088
1222	2681	388608.91062965133
1223	2682	312668.04166457214
1224	2683	513259.3900436412
1225	2684	305571.96463783755
1226	2685	325286.3326187398
1227	2686	269405.8590896278
1228	2687	323262.035149575
1229	2688	221373.9273046882
1230	2689	202020.2562182334
1231	2690	407450.1692543784
1232	2691	189521.6993966231
1233	2692	137115.0016296445
1234	2693	206045.2172030449
1235	2694	136644.2477142313
1236	2695	190213.06188792485
1237	2696	177643.18314611423
1238	2697	181933.88865413796
1239	2698	192151.51007193135
1240	2699	176750.28117544283
1241	2700	154521.61409020083
1242	2701	138630.61673784835
1243	2702	105775.33949696798
1244	2703	120655.43834524072
1245	2704	140296.1789614138
1246	2705	118897.75917848198
1247	2706	108766.96810836102
1248	2707	115415.82526210441
1249	2708	132501.59532478265
1250	2709	105837.8751187024
1251	2710	125451.4602189323
1252	2711	260049.06489439445
1253	2712	381466.73150375544
1254	2713	173541.48119233205
1255	2714	150309.33896036996
1256	2715	167516.53781920992
1257	2716	133382.7153860925
1258	2717	199700.92994499442
1259	2718	225260.33831368838
1260	2719	150293.23020499514
1261	2720	169080.08962015598
1262	2721	132428.1080113878
1263	2722	159828.9732820569
1264	2723	144348.05771250173
1265	2724	125615.4684013348
1266	2725	128933.36648211445
1267	2726	157294.8443947396
1268	2727	185190.5363320512
1269	2728	170728.662221534
1270	2729	145498.48102245998
1271	2730	150825.58916883386
1272	2731	128048.85440512733
1273	2732	143179.6443143377
1274	2733	158399.17066025786
1275	2734	156997.8830386182
1276	2735	136956.10385213295
1277	2736	140347.5175960185
1278	2737	122133.81651287507
1279	2738	139246.84964749668
1280	2739	157424.32708186176
1281	2740	137027.5357018592
1282	2741	146692.54917347655
1283	2742	149375.39616483153
1284	2743	160688.5354472008
1285	2744	165043.02127928552
1286	2745	143170.21418387114
1287	2746	139345.89487587928
1288	2747	142783.53225164855
1289	2748	120355.00840970605
1290	2749	126625.22114497477
1291	2750	137845.2306503163
1292	2751	132899.90664059122
1293	2752	189342.3791387899
1294	2753	140152.7335338517
1295	2754	196146.1483482391
1296	2755	133078.59471288626
1297	2756	103908.52808747682
1298	2757	71667.25618896438
1299	2758	93472.50518038041
1300	2759	163242.1211616156
1301	2760	118963.17976883179
1302	2761	143755.11860250897
1303	2762	140667.07928299892
1304	2763	178209.15761632376
1305	2764	145047.59410957692
1306	2765	290075.50284718716
1307	2766	135761.05014889647
1308	2767	92147.46467547274
1309	2768	135804.05459029463
1310	2769	138952.2113103285
1311	2770	131225.0198737258
1312	2771	108043.88232152736
1313	2772	113260.13974383386
1314	2773	174926.99489604507
1315	2774	147525.74311139152
1316	2775	111457.86254176803
1317	2776	144778.5514786111
1318	2777	139182.30551193428
1319	2778	105554.14725927077
1320	2779	120777.20218519359
1321	2780	95816.31583576128
1322	2781	101981.90296116202
1323	2782	102187.25745132053
1324	2783	102784.982919867
1325	2784	124782.55219078464
1326	2785	139854.74937147755
1327	2786	69461.96526881636
1328	2787	126429.58567948769
1329	2788	78450.39502337588
1330	2789	165669.2322703169
1331	2790	95949.41556158663
1332	2791	112207.93079164127
1333	2792	55168.20713494226
1334	2793	169102.76607805077
1335	2794	96300.06883214529
1336	2795	125023.44665827292
1337	2796	103127.98289254046
1338	2797	207785.16443611123
1339	2798	106109.0584108022
1340	2799	116250.55683379325
1341	2800	69920.64289291929
1342	2801	107336.4242375109
1343	2802	131357.8053884635
1344	2803	176586.44162888717
1345	2804	133847.62156832565
1346	2805	97176.50872989692
1347	2806	84745.00951735604
1348	2807	162093.1214379245
1349	2808	151930.0436950445
1350	2809	134003.42905378967
1351	2810	129643.27670439785
1352	2811	151248.45088840977
1353	2812	163988.65845406076
1354	2813	159794.5721309934
1355	2814	157411.41652268716
1356	2815	98821.46555482263
1357	2816	254668.64015121426
1358	2817	169370.04075720973
1359	2818	137162.16864905617
1360	2819	170371.09921100904
1361	2820	135488.57864610892
1362	2821	104316.72388843878
1363	2822	191911.8618418384
1364	2823	350571.30194257945
1365	2824	177483.44270499086
1366	2825	141467.38824482867
1367	2826	142342.31224230447
1368	2827	136623.3650586227
1369	2828	219394.70457062084
1370	2829	218398.08495587768
1371	2830	225384.13798476267
1372	2831	171045.2894705476
1373	2832	255123.46398328044
1374	2833	287818.8094387086
1375	2834	219896.38642843266
1376	2835	222649.0977899875
1377	2836	187627.63358056478
1378	2837	163484.23417242424
1379	2838	149698.4108796729
1380	2839	173283.52091686684
1381	2840	199649.73581544444
1382	2841	197590.86701927736
1383	2842	231741.25253172443
1384	2843	144874.5817215269
1385	2844	169928.13903051996
1386	2845	126860.6048197304
1387	2846	204177.8696806596
1388	2847	200901.83017222857
1389	2848	217147.7340745065
1390	2849	197854.00459446537
1391	2850	277085.7459326026
1392	2851	212613.0028171498
1393	2852	234262.4472398431
1394	2853	238490.08765942437
1395	2854	138005.8191512737
1396	2855	201457.3046649798
1397	2856	201455.01041837886
1398	2857	185618.59277468114
1399	2858	206772.000675745
1400	2859	123173.07396446858
1401	2860	130324.38047691634
1402	2861	136213.83715816366
1403	2862	191510.94536569834
1404	2863	132213.7184948638
1405	2864	248219.53447221927
1406	2865	142018.29027764365
1407	2866	134236.86463781763
1408	2867	101117.65278280519
1409	2868	96069.36660509568
1410	2869	99567.44596407538
1411	2870	126117.93500370548
1412	2871	80217.218887126
1413	2872	57349.339431359906
1414	2873	104069.08887237564
1415	2874	132709.72133646152
1416	2875	113696.56260624196
1417	2876	167845.62872976298
1418	2877	147789.8747476765
1419	2878	174146.20193378444
1420	2879	139352.9112587834
1421	2880	100682.06015828912
1422	2881	151670.53025218836
1423	2882	180689.94597711612
1424	2883	191756.98989712214
1425	2884	200754.4877886113
1426	2885	188696.01960711987
1427	2886	245712.88355791653
1428	2887	95765.03673023105
1429	2888	143004.85936726697
1430	2889	63276.048692513585
1431	2890	83113.68948579706
1432	2891	145345.10925538072
1433	2892	47884.766951056925
1434	2893	74352.65037671178
1435	2894	57171.29986033899
1436	2895	330981.34507622843
1437	2896	288689.87939539127
1438	2897	215592.72369708854
1439	2898	151341.3674993647
1440	2899	201756.79967615995
1441	2900	157999.71906370003
1442	2901	214620.79425759756
1443	2902	192520.2279305907
1444	2903	329651.37225536595
1445	2904	344700.1006953845
1446	2905	91689.89922613146
1447	2906	193645.31022442025
1448	2907	105244.01499805621
1449	2908	128232.41197261965
1450	2909	146241.25630435714
1451	2910	80031.38349544491
1452	2911	84538.78100383241
1453	2912	149222.9465363089
1454	2913	79854.34122351884
1455	2914	78729.40762725264
1456	2915	85782.76985991903
1457	2916	80231.08242921087
1458	2917	170119.7472107039
1459	2918	118879.62026170111
1460	2919	215857.63737419999
